<DIALTEMPLATE>
 <TEMPLATE MATCH="999" Timeout="0"/> <!-- Emergency -->
 <TEMPLATE MATCH="112" Timeout="0"/> <!-- Emergency -->
 <TEMPLATE MATCH="0500......" Timeout="0"/> <!-- Apparently 0500 is always 10 digits -->
 <TEMPLATE MATCH="0800......" Timeout="0"/> <!-- Apparently 0800 is always 10 digits -->
 <TEMPLATE MATCH="00*" Timeout="5"/> <!-- International, 00 prefixed. No fixed length -->
 <TEMPLATE MATCH="0.........." Timeout="0"/> <!-- UK 11 digit, 0 prefixed -->
 <TEMPLATE MATCH="01257......" Timeout="0"/> <!-- My local STD numbers start 01257 -->
 <TEMPLATE MATCH="\*.." Timeout="0"/> <!-- Asterisk *.. codes -->
 <TEMPLATE MATCH="\*.." Timeout="0"/> <!-- Asterisk direct test numbers -->
 <TEMPLATE MATCH="1..." Timeout="0"/> <!-- Internal numbers -->
 <TEMPLATE MATCH="2..." Timeout="0"/>  <!-- Internal numbers -->
 <TEMPLATE MATCH="*" Timeout="5"/> <!-- Anything else -->
 <TEMPLATE MATCH="2.." Timeout="0"/> <!-- Internal Extensions -->
 <TEMPLATE MATCH="3.." Timeout="0"/>
</DIALTEMPLATE>
