<DIALTEMPLATE>>
    <TEMPLATE MATCH="2......." Timeout="0"/>    <!-- Chamada Local FIXO -->
    <TEMPLATE MATCH="3......." Timeout="0"/>
    <TEMPLATE MATCH="4......." Timeout="0"/>
    <TEMPLATE MATCH="5......." Timeout="0"/>

    <TEMPLATE MATCH="9........" Timeout="0"/>   <!-- Chamada Local MOVEL -->

    <TEMPLATE MATCH="0..9........" Timeout="0"/><!-- Chamada DDD FIXO -->

    <TEMPLATE MATCH="0300*" Timeout="2"/>       <!-- Chamada 0300 -->

    <TEMPLATE MATCH="0..2......." Timeout="0"/> <!-- Chamada DDD FIXO -->
    <TEMPLATE MATCH="0..3......." Timeout="0"/> <!-- Chamada DDD FIXO -->
    <TEMPLATE MATCH="0..4......." Timeout="0"/> <!-- Chamada DDD FIXO -->
    <TEMPLATE MATCH="0..5......." Timeout="0"/> <!-- Chamada DDD FIXO -->

    <TEMPLATE MATCH="0800*" Timeout="2"/>       <!-- Chamada 0800 -->

    <TEMPLATE MATCH="00*" Timeout="3"/>         <!-- Chamada DDI -->
    <TEMPLATE MATCH="*" Timeout="3"/> 
</DIALTEMPLATE>