<device>
    <fullConfig>true</fullConfig>
    <deviceProtocol>SIP</deviceProtocol>
    <sshUserId>admin</sshUserId>
    <sshPassword>cisco</sshPassword>
    <devicePool>
        <dateTimeSetting> 
            <dateTemplate>D/M/Y</dateTemplate> 
            <timeZone>SA Eastern Standard Time</timeZone> 
            <ntps> 
                <ntp>
                    <name>201.49.148.135</name> 
                    <ntpMode>Unicast</ntpMode> 
                </ntp>
            </ntps>
        </dateTimeSetting>
        <callManagerGroup>
            <tftpDefault>true</tftpDefault>
            <members>
                <member priority="0">
                    <callManager>
                        <ports>
                            <ethernetPhonePort>2000</ethernetPhonePort>
                            <sipPort>5060</sipPort>
                            <securedSipPort>5061</securedSipPort>
                        </ports>
                        <processNodeName>192.168.0.21</processNodeName>
                    </callManager>
                </member>
            </members>
        </callManagerGroup>
    </devicePool>
    <commonProfile>
        <phonePassword></phonePassword>
        <backgroundImageAccess>true</backgroundImageAccess>
        <callLogBlfEnabled>0</callLogBlfEnabled>
    </commonProfile>
    <loadInformation>term42.default</loadInformation>
    <vendorConfig>
        <disableSpeaker>false</disableSpeaker>
        <disableSpeakerAndHeadset>false</disableSpeakerAndHeadset>
        <pcPort>0</pcPort>
        <settingsAccess>1</settingsAccess>
        <garp>0</garp>
        <voiceVlanAccess>0</voiceVlanAccess>
        <videoCapability>0</videoCapability>
        <autoSelectLineEnable>0</autoSelectLineEnable>
        <webAccess>0</webAccess>
		<sshAccess>0</sshAccess>
        <sshPort>22</sshPort>
        <displayOnWhenIncomingCall>1</displayOnWhenIncomingCall>
        <daysDisplayNotActive>1,7</daysDisplayNotActive>
        <displayOnTime>08:30</displayOnTime>
        <displayOnDuration>00:10</displayOnDuration>
        <displayIdleTimeout>00:59</displayIdleTimeout>
        <spanToPCPort>1</spanToPCPort>
        <loggingDisplay>1</loggingDisplay>
        <loadServer></loadServer>
    </vendorConfig>
	<userLocale>
      <name></name>
      <uid></uid>
      <langCode>Brazil</langCode>
      <version>1.0.0.0-1</version>
      <winCharSet>iso-8859-1</winCharSet>
   </userLocale>
   <networkLocale></networkLocale>
   <networkLocaleInfo>
      <name>Brazil</name>
      <uid></uid>
      <version>1.0.0.0-1</version>
   </networkLocaleInfo>
    <deviceSecurityMode>1</deviceSecurityMode>
    <authenticationURL></authenticationURL>
    <directoryURL></directoryURL>
    <idleTimeout>0</idleTimeout>
    <idleURL></idleURL>
    <informationURL></informationURL>
    <messagesURL></messagesURL>
    <proxyServerURL></proxyServerURL>
    <servicesURL></servicesURL>
    <dscpForSCCPPhoneConfig>96</dscpForSCCPPhoneConfig>
    <dscpForSCCPPhoneServices>0</dscpForSCCPPhoneServices>
    <dscpForCm2Dvce>96</dscpForCm2Dvce>
    <transportLayerProtocol>4</transportLayerProtocol>
    <capfAuthMode>0</capfAuthMode>
    <capfList>
        <capf>
            <phonePort>3804</phonePort>
        </capf>
    </capfList>
    <certHash></certHash>
    <encrConfig>false</encrConfig>
    <sipProfile>
        <sipProxies>
            <backupProxy></backupProxy>
            <backupProxyPort>5060</backupProxyPort>
            <emergencyProxy></emergencyProxy>
            <emergencyProxyPort></emergencyProxyPort>
            <outboundProxy>192.168.0.21</outboundProxy>
            <outboundProxyPort>5060</outboundProxyPort>
            <registerWithProxy>true</registerWithProxy>
        </sipProxies>
        <sipCallFeatures>
            <cnfJoinEnabled>true</cnfJoinEnabled>
            <callForwardURI>x--serviceuri-cfwdall</callForwardURI>
            <callPickupURI>x-cisco-serviceuri-pickup</callPickupURI>
            <callPickupListURI>x-cisco-serviceuri-opickup</callPickupListURI>
            <callPickupGroupURI>x-cisco-serviceuri-gpickup</callPickupGroupURI>
            <meetMeServiceURI>x-cisco-serviceuri-meetme</meetMeServiceURI>
            <abbreviatedDialURI>x-cisco-serviceuri-abbrdial</abbreviatedDialURI>
            <rfc2543Hold>true</rfc2543Hold>
            <callHoldRingback>2</callHoldRingback>
            <localCfwdEnable>true</localCfwdEnable>
            <semiAttendedTransfer>true</semiAttendedTransfer>
            <anonymousCallBlock>2</anonymousCallBlock>
            <callerIdBlocking>0</callerIdBlocking>
            <dndControl>0</dndControl>
            <remoteCcEnable>true</remoteCcEnable>
        </sipCallFeatures>
        <sipStack>
            <sipInviteRetx>6</sipInviteRetx>
            <sipRetx>10</sipRetx>
            <timerInviteExpires>180</timerInviteExpires>
            <timerRegisterExpires>60</timerRegisterExpires>
            <timerRegisterDelta>5</timerRegisterDelta>
            <timerKeepAliveExpires>120</timerKeepAliveExpires>
            <timerSubscribeExpires>120</timerSubscribeExpires>
            <timerSubscribeDelta>5</timerSubscribeDelta>
            <timerT1>500</timerT1>
            <timerT2>4000</timerT2>
            <maxRedirects>70</maxRedirects>
            <remotePartyID>false</remotePartyID>
            <userInfo>None</userInfo>
        </sipStack>
        <autoAnswerTimer>1</autoAnswerTimer>
        <autoAnswerAltBehavior>false</autoAnswerAltBehavior>
        <autoAnswerOverride>true</autoAnswerOverride>
        <transferOnhookEnabled>true</transferOnhookEnabled>
        <enableVad>false</enableVad>
        <preferredCodec>g711alaw</preferredCodec>
        <dtmfAvtPayload>101</dtmfAvtPayload>
        <dtmfDbLevel>3</dtmfDbLevel>
        <dtmfOutofBand>avt</dtmfOutofBand>
        <alwaysUsePrimeLine>false</alwaysUsePrimeLine>
        <alwaysUsePrimeLineVoiceMail>false</alwaysUsePrimeLineVoiceMail>
        <kpml>3</kpml>
        <stutterMsgWaiting>1</stutterMsgWaiting>
        <callStats>false</callStats>
        <silentPeriodBetweenCallWaitingBursts>10</silentPeriodBetweenCallWaitingBursts>
        <disableLocalSpeedDialConfig>false</disableLocalSpeedDialConfig>
        <startMediaPort>16384</startMediaPort>
        <stopMediaPort>32766</stopMediaPort>
        <voipControlPort>5060</voipControlPort>
        <dscpForAudio>184</dscpForAudio>
        <ringSettingBusyStationPolicy>0</ringSettingBusyStationPolicy>
        <dialTemplate>dialplan.xml</dialTemplate>
        <phoneLabel>SALA_REUNIA</phoneLabel>
        <natEnabled>false</natEnabled>
        <natAddress></natAddress>
        <sipLines>
            <line button="1">
                <featureID>9</featureID>
                <featureLabel>RAMAL_201</featureLabel>
                <name>201</name>
                <displayName>201</displayName>
                <contact>201</contact>
                <proxy>192.168.0.21</proxy>
                <port>5060</port>
                <autoAnswer>
                    <autoAnswerEnabled>2</autoAnswerEnabled>
                </autoAnswer>
                <callWaiting>3</callWaiting>
                <authName>201</authName>
                <authPassword>abc123</authPassword>
                <sharedLine>false</sharedLine>
                <messageWaitingLampPolicy>1</messageWaitingLampPolicy>
                <messagesNumber>*97</messagesNumber>
                <ringSettingIdle>4</ringSettingIdle>
                <ringSettingActive>5</ringSettingActive>
                <forwardCallInfoDisplay>
                    <callerName>true</callerName>
                    <callerNumber>false</callerNumber>
                    <redirectedNumber>false</redirectedNumber>
                    <dialedNumber>true</dialedNumber>
                </forwardCallInfoDisplay>
            </line>
			<line button="2">
                <featureID>9</featureID>
                <featureLabel>RAMAL_202</featureLabel>
                <name>202</name>
                <displayName>202</displayName>
                <contact>202</contact>
                <proxy>192.168.0.21</proxy>
                <port>5060</port>
                <autoAnswer>
                    <autoAnswerEnabled>2</autoAnswerEnabled>
                </autoAnswer>
                <callWaiting>3</callWaiting>
                <authName>202</authName>
                <authPassword>abc123</authPassword>
                <sharedLine>false</sharedLine>
                <messageWaitingLampPolicy>1</messageWaitingLampPolicy>
                <messagesNumber>*97</messagesNumber>
                <ringSettingIdle>4</ringSettingIdle>
                <ringSettingActive>5</ringSettingActive>
                <forwardCallInfoDisplay>
                    <callerName>true</callerName>
                    <callerNumber>false</callerNumber>
                    <redirectedNumber>false</redirectedNumber>
                    <dialedNumber>true</dialedNumber>
                </forwardCallInfoDisplay>
            </line>
        </sipLines>
    </sipProfile>
</device>